 –ü—Ä–µ–¥–ª–∞–≥–∞—é –≤–∞—à–µ–º—É –≤–Ω–∏–º–∞–Ω–∏—é –º–æ–π —Å–æ–ª—å–Ω—ã–π –ª–∏—Ä–∏—á–µ—Å–∫–∏–π —Ç—Ä–µ–∫, —Å–æ–±—Ä–∞–Ω–Ω—ã–π –Ω–∞ –ø—Ä–æ—Ç—è–∂–µ–Ω–∏–∏ 3-—Ö –ª–µ—Ç, –≤ –∫–æ—Ç–æ—Ä—ã–π –≤–ª–æ–∂–µ–Ω–∞ —á–∞—Å—Ç–∏—á–∫–∞ –¥—É—à–∏ –∏ –≥–æ–¥—ã –æ—Ç—Å—É—Ç—Å—Ç–≤–∏—è. –ü–æ—Å–≤—è—â–∞–µ—Ç—Å—è –≤—Å–µ–º –Ω–∞—à–µ–Ω—Å–∫–∏–º, –≤—Å–µ–º –±–ª–∏–∑–∫–∏–º –∏ —Ä–æ–¥–Ω—ã–º –º–Ω–µ –ª—é–¥—è–º. "–≠—Ç–æ –¥—É—à–µ–≤–Ω–∞—è —Å–∞–≥–∞, —Ç–∞–∫–∏–º –∂–µ –≤–æ –±–ª–∞–≥–æ..." 
–°–∞–ª–∞–º –í—Å–µ–º –î–æ—Å—Ç–æ–π–Ω—ã–º–°—Ç–∏—Ö–æ—Ç–≤–æ—Ä–µ–Ω–∏–µ. 2020–≥. –ê–≤—Ç–æ—Ä: –§–µ–Ω–∏–∫—Å–ü–æ–∫–∞ –≤ —Ä–∞–∑—Ä–∞–±–æ—Ç–∫–µ –Ω–æ–≤—ã–µ —Ç—Ä–µ–∫–∏, –ø–æ–Ω–∞—Å—Ç–∞–ª—å–≥–∏—Ä—É–µ–º —Å—Ç–∞—Ä–µ–Ω—å–∫–∏–º –∞–Ω–¥–µ—Ä–æ–º –±—ã–ª–æ–π —é–Ω–æ—Å—Ç–∏. –î–æ–±—Ä–æ–≥–æüëê

(2015 –≥–æ–¥, –∞–ª—å–±–æ–º "–î–µ—Ä–∂–∏ –º–∞—Ä–∫—É")–ó–∏–º–Ω—è—è —Å–æ–≤–º–µ—Å—Ç–∫–∞ —Å –ë—É–ª–∞—Ç–æ–º –∏–∑ –¢–ê–°–ú–ê 87. –ü—Ä–∏–Ω—è—Ç—å —É—á–∞—Å—Ç–∏—è –≤ —Å–≤–µ–¥–µ–Ω–∏–∏ –Ω–µ —É–¥–∞–ª–æ—Å—å –≤ —Å–∏–ª—É –º–æ–µ–≥–æ –æ—Ç—Å—É—Ç—Å—Ç–≤–∏—è, –Ω–æ –≤—Ä–æ–¥–µ –Ω–µ –ø–ª–æ—Ö–æ üòâüòä–ü–æ –ø—Ä–æ—Å—å–±–µ –ª—é–¥–µ–π –∑–∞—á–µ–ª –Ω–∞ –∫–∞–º–µ—Ä—É –∫—É–ø–ª–µ—Ç. —Ç—Ä–µ–∫ –Ω–æ–≤—ã–π, —Å—ã—Ä–æ–π, –Ω–∞—Å—Ç—Ä–æ–µ–Ω–∏–µ –ø—Ä–∞–∑–¥–Ω–æ–µ, —Ç–∞–∫ —á—Ç–æ —Å—Ç—Ä–æ–≥–æ –Ω–µ —Å—É–¥–∏—Ç–µ. –í—Å–µ–º –ù–ê–®–ï–ù–°–ö–ò–ú –ø–æ—Å–≤—è—â–∞–µ—Ç—Å—èüòâüëãZatmenie [Fenix] - –ù–µ–≤–∏–¥–∏–º—ã–µ —Ü–µ–ø–∏ (–¥–µ–º–æ)–°—Ç–∏—Ö–∏–ù–æ–≤—ã–π —Ç—Ä–µ–∫. –í –ø—Ä–æ—Ü–µ—Å—Å–µ —Å–≤–µ–¥–µ–Ω–∏—è"–ü–µ—Ä–≤—ã–µ –≤–ø–µ—á–∞—Ç–ª–µ–Ω–∏—è" (18+)

–ª—É—á —Å–≤–µ—Ç–∞ –≤ —Ö–∞—Ç—É –ø—Ä–æ–º–µ–ª—å–∫–Ω—É–ª, 
–Ω–æ –Ω–µ —Å–∫–∞–∑–∞—Ç—å —á—Ç–æ —Å–æ–ª–Ω—Ü—É —Ä–∞–¥—ã
—Å–∫–≤–æ–∑—å —Å—Ç–µ–Ω—ã —Å–ª—ã—à–µ–Ω –∫–∞—Ä–∞—É–ª 
–∏ –≤–Ω–æ–≤—å –µ–±—É—á–∞—è –±–∞–ª–∞–Ω–¥–∞
—É—Å–ª–æ–≤—å—è —Ç—å–º–∞, —Å—É—Ä–æ–≤—ã–π –±—ã—Ç
—É –º—É—Å–∞—Ä–æ–≤ –≤—Å–µ–≥–¥–∞ –Ω–∞ –º—É—à–∫–µ
–≤ —Ö–∞—Ç–∞—Ö —É –Ω–∞—Å –ø–µ—Ä–µ–ª–∏–º–∏—Ç
—Ö–æ–ª–æ–¥–Ω–∞—è —Ç—é—Ä—å–º–∞-—Å—Ç–∞—Ä—É—à–∫–∞
—à–∫–æ–Ω–∞—Ä—å, —É—â–µ—Ä–±–Ω–µ–π—à–∏–π –º–∞—Ç—Ä–∞—Å
–æ—Å–∞–Ω–∫–∞ –º–Ω–µ —Ç—É—Ç –≤ —Ö—É–π –Ω–µ –≤–ø—ë—Ä–ª–∞—Å—å
–Ω–æ—Ä–º–∞–ª—å–Ω—ã–π —Å–æ–Ω —Ç—É—Ç —Ä–∞–∑ –Ω–∞ —Ä–∞–∑
–∏ —Å–∫–≤–æ–∑—å –Ω–µ–≥–æ –≤—Å—ë —Ç–æ—Ç –∂–µ –≥–æ–ª–æ—Å
—Ç—ë—Ä–∫–∏ –∏–∑-–∑–∞ –≤–æ–¥—ã
–∫—Ç–æ-—Ç–æ —á–µ–≥–æ –∑–∞–±—ã–ª —Å–ª—É—á–∞–π–Ω–æ
—Ä–∞–º—Å –∏–∑–æ –≤—Å—è–∫–æ–π —Ö—É–µ—Ç—ã
–∞ —á—ë —Ç–≤–æ—Ä–∏—Ç—å, —à–ø–∞–Ω–∞ —Å–∫—É—á–∞–µ—Ç
–≤—Ä–æ–¥–µ –ª–∞—Ñ–∞ - –ª–µ–∂–∏, –±–∞–ª–¥–µ–π
–±—ã—Å—Ç—Ä–µ–µ –¥–Ω–∏ –Ω–µ —Å–∫–æ—Ä–æ—Ç–∞–µ—à—å 
–∏ —Ç–æ—Ç –µ–±–∞–Ω—ã–π –±–∞–Ω–Ω—ã–π –¥–µ–Ω—å
–∫–æ–≥–¥–∞ —Ç—ã –µ–≥–æ –ø—Ä–æ–ø—É—Å–∫–∞–µ—à—å
–≤ –Ω–æ–≤–∏–Ω–∫—É –º–Ω–µ —Ç–∞–∫–æ–π —Ä–µ–∂–∏–º
—Ö—É–π–Ω—è –¥–µ–ª–æ–≤ - –ø—Ä–∏–≤—ã–∫–Ω–µ—à—å –±—Ä–∞—Ç
–Ω–æ, —á—ë—Ä—Ç –≤–æ–∑—å–º–∏, –∫–∞–∫ –Ω–µ –∂—É–∂–∂–∏ 
–≤—Å—ë –≤—Ä–µ–º—è —á—Ç–æ-—Ç–æ –±–ª—è—Ç—å –Ω–µ —Ç–∞–∫
–≥–¥–µ –∂–µ —Å–ø–ª–æ—á–µ–Ω–Ω–æ—Å—Ç—å —Ç–∞ –ª—é–¥—Å–∫–∞—è?
–≥–¥–µ –∂–µ —Ç–æ –±—Ä–∞—Ç—Å–∫–æ–µ —Ç–µ–ø–ª–æ?
–ª–∏—à—å –≤–æ–∑–º—É—â–µ–Ω–Ω–æ –∑—É–±—ã —Å–∫–∞–ª—è—Ç
–∏ –Ω–µ–¥–æ–≤–æ–ª—å–Ω–æ–µ –µ–±–ª–æ
—Å–µ–π—á–∞—Å –±—ã –ø–ª–∞–Ω—á–∏–∫–∞ –≤–¥–æ—Ö–Ω—É—Ç—å
–∏ —Ç–µ–ª–æ—á–∫—É —Ö–æ—Ç—å –Ω–∞ —á–∞—Å–æ–∫
—Ç–∞–∫ –∂–¥–∞–ª, –±—Ä–∞—Ç–∞–Ω, –Ω–µ –æ–±–µ—Å—Å—É–¥—å
—Å–≤–æ–±–æ–¥—ã –∑–æ–ª–æ—Ç–æ–π –≥–ª–æ—Ç–æ–∫
–ø–æ —Ö–∞—Ç–∞–º –ø–æ–Ω–µ—Å–ª–∞—Å—å –º–æ–ª–≤–∞ - 
–ø–æ—Å—Ç–∞–≤—å—Ç–µ –≤ –∫—É—Ä—Å, –∞–≤–æ—Å—å –Ω–∞–≥–æ–Ω—è—Ç
–ø–æ–¥–ø–∏—Å—å –≤ –∫–æ–Ω—Ü–µ - "–° –£–í –ë—Ä–∞—Ç–≤–∞,
–ø–æ –í–ó–ú –º–Ω–µ —Ç—É—Å–∞–Ω–∏—Ç–µ –≤–æ–ª–∏..."

–æ—Å–µ–Ω—å 2015–≥., –ö–¶-2, —Ö50. (—Å) –§–µ–Ω–∏–∫—Å–ö–æ–Ω—Ü–µ—Ä—Ç 2014–ü–æ–ø—É–ª—è—Ä–Ω—ã–π —Ç—Ä–µ–∫ 2013 –≥–æ–¥–∞. –õ—é–¥–∏ –¥–æ —Å–∏—Ö –ø–æ—Ä –ø–æ–º–Ω—è—Ç)–°–æ–≤–º–µ—Å—Ç–Ω–∞—è —Ä–∞–±–æ—Ç–∞ 2019 —Å –≥—Ä—É–ø–ø–æ–π 87 –¢–∞—Å–º–∞. –í —Å—Ç–∞—Ä–æ–º –¥–æ–±—Ä–æ–º —Å—Ç–∏–ª–µ. –¶–µ–Ω–∏–º–≠—Ö, –±—ã–ª–æ –≤—Ä–µ–º—è...
2011–≥. –¢—Ä–æ–µ —Å –ê–≤–∏–∞—Å—Ç—Ä–æ—è–ö—É–ª—å—Ç–æ–≤–∞—è —Ç–µ–º–∫–∞ 2014 –≥–æ–¥–∞. –ü–æ –ø—Ä–∏—Ç—á–µ —Å—Ç–∞—Ä–æ–≥–æ –º—É–¥—Ä–µ—Ü–∞. –ë–æ–ª–µ–µ —Ñ–æ—Ä–º–∞—Ç–Ω–æ –∏ –∏–Ω—Ç–µ–ª–ª–µ–∫—Ç—É–∞–ª—å–Ω–æ. –ù–∞—Å—Ç–æ–ª—å–≥–∏—Ä—É–µ–º. üòâ–ù–æ–≤—ã–π —Ç—Ä–µ–∫ –∏ –∫–ª–∏–ø –æ—Ç Fenixa –∏–∑ Zatmeni—è. –í–ø–µ—Ä–≤—ã–µ –∑–∞ —Ç—Ä–∏ –≥–æ–¥–∞ –≤—ã–ª–æ–∂–µ–Ω–Ω—ã–π –≤ —Å–µ—Ç—å —Å–≤–µ–∂–∏–π –º–∞—Ç–µ—Ä–∏–∞–ª –∏ –≤ –¥–∞–ª—å–Ω–µ–π—à–µ–º –±—É–¥–µ—Ç –µ—â—ë. –†–∞–∑–º–æ—Ä–∞–∂–∏–≤–∞–µ–º –ø—Ä–µ–∂–Ω–∏–π –∞–Ω–¥–µ—Ä ) –í—Å–µ–º —Å–≤–æ–∏–º –∏ –¥–æ—Å—Ç–æ–π–Ω—ã–º. –†—ç–ø—á–∏–∫ –∏–∑ –∞–≤–∏–∞—Å—Ç—Ä–æ—è. –° –£–í ZATMENIE [Fenix] 

–¢–µ–∫—Å—Ç: Fenix
–ú—É–∑—ã–∫–∞: Ybeat product
–°–≤–µ–¥–µ–Ω–∏–µ, –º–∞—Å—Ç–µ—Ä–∏–Ω–≥: Fenix
–°—ä—ë–º–∫–∞, –º–æ–Ω—Ç–∞–∂: iL Pro

–°—Å—ã–ª–∫–∞ –Ω–∞ –≥—Ä—É–ø–ø—É: https://vk.com/zatmenie_official
Fenix: https://vk.com/fenisio–ê–£–ï 2013 
–í—Å–µ–º—É –¥–æ–±—Ä–æ–ø–æ—Ä—è–¥–æ—á–Ω–æ–º—É –ª—é–¥—É –æ—Ç –≤—Å–µ–π –¥—É—à–∏, —Å—Ç–∞—Ä—ã–π —Å–æ–≤–º–µ—Å –∫—Ç–æ –ø–æ–º–Ω–∏—Ç –∏ –∫–æ–º—É –≤ –Ω–æ–≤–∏–Ω–∫—É, –ø–æ–∂–µ–ª–∞–≤ –≤—Å–µ—Ö –±–ª–∞–≥, —Å –∏—Å–∫—Ä–µ–Ω–Ω–∏–º —É–≤–∞–∂–µ–Ω–∏–µ–º –∏ –±—Ä–∞—Ç—Å–∫–∏–º —Ç–µ–ø–ª–æ–º, –ñ–µ–Ω—ë–∫ –ö—Ä–µ—Å—Ç –∏ –ê—Ä—Ç—ë–º –§–µ–Ω–∏–∫—Å üòÅüòéüòâ–ù–û–í–´–ô –ê–õ–¨–ë–û–ú –í –°–ï–¢–ò !!! Zatmenie - –î–µ—Ä–∂–∏–º –ú–∞—Ä–∫—É! –í—Å–µ–º —Å–ø–∞—Å–∏–±–æ –∫—Ç–æ –∂–¥–∞–ª!–í—Å–µ–º —Å–ø–∞—Å–∏–±–æ –∑–∞ —Ä–µ–ø–æ—Å—Ç—ã!!!Zatmenie - –î–µ—Ä–∂–∏–º –ú–∞—Ä–∫—É!!! –ê–ª—å–±–æ–º –≤ —Å–µ—Ç–∏ !!!!!!!!!!–î–∞–¥–∞–¥–∞–∞–∞–∞–¥–∞–∞ –û–Ω —Å–ª–∏—à–∫–æ–º –¥–æ–ª–≥–æ –ª–µ–∂–∞–ª!–ö—Ç–æ —Ç–æ —Å–∫–∞–∂–µ—Ç —á—Ç–æ —Å–ª–µ–≥–∫–∞ –Ω–µ —Ç–æ. –ù–æ Zatmenie –í—Å–µ–≥–¥–∞ –±—ã–ª–æ –Ω–µ —Ç–æ —á—Ç–æ –ª—é–±—è—Ç –≤—Å–µ =/ –°–µ–≥–æ–¥–Ω—è –¥–µ–Ω—å —Ä–æ–∂–¥–µ–Ω–∏—è –§–µ–Ω–∏–∫—Å–∞. –ò –í —á–µ—Å—Ç—å –µ–≥–æ —Å—Ç–∞—Ä–∞–Ω–∏–π –ê–ª—å–±–æ–º –≤ —Å–µ—Ç–∏. –í–æ–æ–±—â–µ–º –î–µ—Ä–∂–∏–º –ú–∞—Ä–∫—É =// –ê–ª—å–±–æ–º –∑–∞–¥–µ—Ä–∂–∞–ª—Å—è —Å –≤—ã—Ö–æ–¥–æ–º –Ω–∞ 2 –≥–æ–¥–∞. https://yadi.sk/d/wkfx7P5_3K63nd–ù–û–í–´–ô –ê–õ–¨–ë–û–ú 2017–†–∞–Ω–æ –∏–ª–∏ –ø–æ–∑–¥–Ω–æ –∞–ª—å–±–æ–º —è –≤—ã–ª–æ–∂—É.–ê —Å–µ–π—á–∞—Å –¥–ª—è —Ç–µ—Ö –∫—Ç–æ –∂–¥—ë—Ç –∏–ª–∏ –∂–¥–∞–ª.–°–æ–≤–º–µ—Å—Ç–Ω—ã–π —Ç—Ä–µ–∫ —Å –≠–¥–≥–∞—Ä–æ–º –ì—Ä–æ—Å—Å–æ–º ... –°–õ–£–•–ò. 
–ù–∞ –º–æ–π –≤–∑–≥–ª—è–¥ —Ç–µ–º–∞ –±–æ–ª–µ–µ —á–µ–º –∞–∫—Ç—É–∞–ª—å–Ω–∞))–ó–∞—Ü–µ–Ω–∏)) –ó–ê —Ä–µ–ø–æ—Å—Ç —Ç–∞–∫ –∂–µ –∂–º—ë–º 5. –û—Ç –§–µ–Ω–∏–∫—Å–∞ –≤—Å–µ–º –ø—Ä–∏–≤–µ—Ç!!!–°–µ–≥–æ–¥–Ω—è –í–µ—á–µ—Ä–∏–Ω–∫–∞ !!!)–°–≤–æ–∏–º –≤—Ö–æ–¥ —Å–≤–æ–±–æ–¥–Ω—ã–π–ù–µ —Å–º–æ—Ç—Ä—è –Ω–∞ –æ–±—Å—Ç–æ—è—Ç–µ–ª—å—Å—Ç–≤–∞. –ê–ª—å–±–æ–º ZATMENIE-–î–µ—Ä–∂–∏–º –º–∞—Ä–∫—É –≤—ã–π–¥–µ—Ç –≤ —Å–∫–æ—Ä–æ–º –≤—Ä–µ–º–µ–Ω–∏.–¢—Ä–µ–∫–∏ –û—Ç–¥–∞–ª –Ω–∞ —Å–≤–µ–¥–µ–Ω–∏–µ.–û–±–ª–æ–∂–∫–∞ –í –ø—Ä–æ—Ü–µ—Å—Å–µ!.–í—Å–µ–º —Å–ø–∞—Å–∏–±–æ!–ü—Ä–µ–¥—Å—Ç–∞–≤–ª—è–µ–º –≤–∞–º –ö–æ–º–∞–Ω–¥—É –¢–ê–°–ú–ê 87. –õ—é—Ç—ã–µ –ø–∞—Ä–Ω–∏ —Å –∫–æ—Ç–æ—Ä—ã–º–∏ –º—ã –≤—Å–µ–≥–¥–∞ –Ω–∞ —Å–≤—è–∑–∏ –∏ –Ω–∞ –æ–±—â–µ–Ω–∏–∏. ZATMENIE  —Ç–∞–∫ –∂–µ –ø—Ä–∏–Ω—è–ª–∏ —É—á–∞—Å—Ç–∏ –Ω–∞ –∏—Ö –∫—Ä—É—Ç–æ–º –∞–ª—å–±–æ–º–µ. –ü—Ä–µ–¥–ª–∞–≥–∞—é –∑–∞—Ü–µ–Ω–∏—Ç—å —Ç—Ä–≠–∫–∞–Ω )
P.s .–¢–∞–∫ –ø–æ–ª—É—á–∏–ª–æ—Å—å —á—Ç–æ –º—ã —É–µ—Ö–∞–ª–∏ –æ—Ç–¥—ã—Ö–∞—Ç—å –∫—Ç–æ –∫—É–¥–∞=/ 
–ê–ª—å–±–æ–º –≥–æ—Ç–æ–≤ –Ω–æ —Ç—Ä–µ–±—É–µ—Ç –º–∞—Å—Ç–µ—Ä–∏–Ω–≥–∞.–î—É–º–∞—é –≤ –±–ª–∏–∂–∞–π—à–µ–µ –≤—Ä–µ–º—è –ø–æ –ø—Ä–∏–±—ã—Ç–∏—é –æ–±—è–∑–∞—Ç–µ–ª—å–Ω–æ –≤—ã–ª–æ–∂–∏–º!–í—Å–µ–º —Å–ø–∞—Å–∏–±–æ –∑–∞ –≤–Ω–∏–º–∞–Ω–∏–µ!!!–û—Ç—Ä—ã–≤–∫–∏ –∏–∑ –Ω–æ–≤–æ–≥–æ –∞–ª—å–±–æ–º–∞ ZATMENIE - –î–µ—Ä–∂–∏–º –º–∞—Ä–∫—É 2015. –î–æ –≤—ã—Ö–æ–¥–∞ –æ—Å—Ç–∞–ª–æ—Å—å –æ–∫–æ–ª–æ –º–µ—Å—è—Ü–∞. –¶–µ–Ω–∏–º, –ª–∞–π–∫–∞–µ–º, —Ä–µ–ø–æ—Å—Ç)–í—Å–µ–º —Ü–µ–Ω–∏—Ç–µ–ª—è–º –∞–Ω–¥–µ–≥—Ä–∞—É–Ω–¥ —Ä—ç–ø–∞, –≤ –ø—Ä–µ–¥–≤–µ—Ä–∏–∏ –Ω–æ–≤–æ–≥–æ –∞–ª—å–±–æ–º–∞ –∑–∞–ø–∏—Å–∞–ª–∏ —Ç–∏–∑–µ—Ä, –±—Ä–æ—Å–∫–æ –Ω–æ —Å —á—É–≤—Å—Ç–≤–æ–º, —Å–∫—Ä–æ–º–Ω–æ –Ω–æ —Å–æ –≤–∫—É—Å–æ–º) –í—Å–µ–º —Ç–µ–º –∫—Ç–æ –Ω–∞—Å –ø–æ–º–Ω–∏—Ç, ZATMENIE, Fenix & Ecstaz, –ê–≤–∏–∞—Å—Ç—Ä–æ–π) –£–∂–µ 2-–æ–π –∞–ª—å–±–æ–º, –Ω–æ–≤—ã–π —É—Ä–æ–≤–µ–Ω—å, –æ—Å—Ç–∞–ª–æ—Å—å –≤–ª—ë–≥–∫—É—é) —Ü–µ–Ω–∏–º.–ú–æ–π —Å–æ–ª—å–Ω—ã–π —Ç—Ä–µ–∫ –ø–æ–¥ –Ω–∞–∑–≤–∞–Ω–∏–µ "–ö–û–ß–ï–í–ù–ò–ö", —Ç–µ–∫—Å—Ç –ø–µ—Å–Ω–∏ –Ω–∞–ø–∏—Å–∞–Ω –≤ 2013–≥., –∑–∞–ø–∏—Å–∞–Ω –≤ 2014–≥., –∏ –¥–æ—Ä–∞–±–æ—Ç–∞–Ω –≤ —ç—Ç–æ–º –≥–æ–¥—É, —Ç–∞–∫ —á—Ç–æ —É–∂–µ –∑–∞–ª–µ–∂–∞–ª—Å—è. –ü–æ–¥ –ª–µ–≥–∫–æ–µ –Ω–∞—Å—Ç—Ä–æ–µ–Ω–∏–µ. –¢–∞ —á–∞—Å—Ç—å –º–æ–µ–≥–æ –∏–Ω–æ–∑–µ–º–Ω–æ–≥–æ —Ä—ç–ø–∞)

—Ç–µ–∫—Å—Ç, –º—É–∑—ã–∫–∞, —Å–≤–µ–¥–µ–Ω–∏–µ: Fenix
–¥–∏–∑–∞–π–Ω –æ–±–ª–æ–∂–∫–∏: –°–µ—Ä–≥–µ–π –ì—Ä–µ—à–Ω—ã–π

–û—Ç–¥–µ–ª—å–Ω–∞—è –±–ª–∞–≥–æ–¥–∞—Ä–Ω–æ—Å—Ç—å –î—Ä–∞–≥–Ω–∏—Ä—É –∑–∞ —Å–æ–¥–µ–π—Å—Ç–≤–∏–µ!–õ—é—Ç—ã–π —Å–æ–≤–º–µ—Å 2013 –≥–æ–¥–∞. –§–µ–Ω–∏–∫—Å, –ö—Ä—é–∫, –°–æ—Ü–∏—É–º —â–∏—Ç. –ü–æ–Ω–∞—Å—Ç–∞–ª—å–≥–∏—Ä—É–µ–º –ø–æ–∫–∞ —Å–≤–æ–¥–∏—Ç—Å—è –Ω–æ–≤—ã–π —Ç—Ä–µ–∫–∞–Ω)HIP-HOP All starS KZN 15 (27.02.2015)–õ–∏—Ç–ª –±–∞—Ä 24.01.15–¶–µ–Ω–∏–º –Ω–æ–≤—ã–π —Ç—Ä–µ–∫–∞–Ω. –ö—Ç–æ –∑–Ω–∞–µ—Ç —Ç–æ—Ç –ø–æ–π–º–µ—Ç. –ü—Ä–∏—è—Ç–Ω–æ–≥–æ –ø—Ä–æ—Å–ª—É—à–∏–≤–∞–Ω–∏—è. Zatmenie [Fenix] ft. Stereo Tip ‚Äì –ö—Ä–∏—Å—Ç–∏–Ω–∞–¶–µ–Ω–∏–º –Ω–æ–≤—ã–π —Ç—Ä–µ–∫–∞–Ω. –ö—Ç–æ –∑–Ω–∞–µ—Ç —Ç–æ—Ç –ø–æ–π–º–µ—Ç. –ü—Ä–∏—è—Ç–Ω–æ–≥–æ –ø—Ä–æ—Å–ª—É—à–∏–≤–∞–Ω–∏—è.–ö–æ–≥–¥–∞-—Ç–æ –¥–∞–≤–Ω–æ —Å—Ç–∞—Ä–∏–∫ –æ—Ç–∫—Ä—ã–ª —Å–≤–æ–µ–º—É –≤–Ω—É–∫—É –æ–¥–Ω—É –∂–∏–∑–Ω–µ–Ω–Ω—É—é –∏—Å—Ç–∏–Ω—É.
–í –∫–∞–∂–¥–æ–º —á–µ–ª–æ–≤–µ–∫–µ –∏–¥—ë—Ç –±–æ—Ä—å–±–∞, –æ—á–µ–Ω—å –ø–æ—Ö–æ–∂–∞—è –Ω–∞ –±–æ—Ä—å–±—É –¥–≤—É—Ö –≤–æ–ª–∫–æ–≤. –û–¥–∏–Ω –≤–æ–ª–∫ –ø—Ä–µ–¥—Å—Ç–∞–≤–ª—è–µ—Ç –∑–ª–æ ‚Äì –∑–∞–≤–∏—Å—Ç—å, —Ä–µ–≤–Ω–æ—Å—Ç—å, —ç–≥–æ–∏–∑–º, –∞–º–±–∏—Ü–∏–∏, –ª–æ–∂—å‚Ä¶ –î—Ä—É–≥–æ–π –≤–æ–ª–∫ –ø—Ä–µ–¥—Å—Ç–∞–≤–ª—è–µ—Ç –¥–æ–±—Ä–æ ‚Äì –º–∏—Ä, –ª—é–±–æ–≤—å, –Ω–∞–¥–µ–∂–¥—É, –¥–æ–±—Ä–æ—Ç—É, –≤–µ—Ä–Ω–æ—Å—Ç—å‚Ä¶ 
–ú–∞–ª—ã—à, —Ç—Ä–æ–Ω—É—Ç—ã–π –¥–æ –≥–ª—É–±–∏–Ω—ã –¥—É—à–∏ —Å–ª–æ–≤–∞–º–∏ –¥–µ–¥–∞, –Ω–∞ –Ω–µ—Å–∫–æ–ª—å–∫–æ –º–≥–Ω–æ–≤–µ–Ω–∏–π –∑–∞–¥—É–º–∞–ª—Å—è, –∞ –ø–æ—Ç–æ–º —Å–ø—Ä–æ—Å–∏–ª: 
‚Äì –ê –∫–∞–∫–æ–π –≤–æ–ª–∫ –≤ –∫–æ–Ω—Ü–µ –ø–æ–±–µ–∂–¥–∞–µ—Ç? 
–°—Ç–∞—Ä–∏–∫ –µ–¥–≤–∞ –∑–∞–º–µ—Ç–Ω–æ —É–ª—ã–±–Ω—É–ª—Å—è –∏ –æ—Ç–≤–µ—Ç–∏–ª: 
‚Äì –í—Å–µ–≥–¥–∞ –ø–æ–±–µ–∂–¥–∞–µ—Ç —Ç–æ—Ç –≤–æ–ª–∫, –∫–æ—Ç–æ—Ä–æ–≥–æ —Ç—ã –∫–æ—Ä–º–∏—à—å.‚òÖ –ö–ê–°–ü–ò–ô–°–ö–ò–ô –ì–†–£–ó|6.12.14|–ö–ê–ó–ê–ù–¨|T.E.A.T.R.O. ‚òÖ–í–∏–¥–µ–æ—Å—ä–µ–º–∫–∞ —Å —Ä–∞–∑–æ–≥—Ä–µ–≤–∞ –ö–∞—Å–ø–∏–π—Å–∫–æ–≥–æ2013–¢–∞–∫–∞—è –≤–æ—Ç –∑–∞—Ä–∏—Å–æ–≤–æ—á–∫–∞, –≤ –æ–¥–Ω–µ—Ö—É –ø–æ–∫–∞, –ø–æ–≥—Ä—É—Å—Ç–∏–º –º–∞–ª–æ—Å—Ç—å=)–¶–µ–Ω–∏ –Ω–æ–≤—ã–π –∫–ª–∏–ø - Zatmenie [Fenix], Stereo Tip, PlastTblPb - –î–Ω–æ. –í—Å–µ–º –±–æ–ª—å—à–æ–µ —Å–ø–∞—Å–∏–±–æ –∏ –ø—Ä–∏—è—Ç–Ω–æ–≥–æ –ø—Ä–æ—Å–º–æ—Ç—Ä–∞!Zatmenie [Fenix], Stereo Tip, PlastTblPb - –î–Ω–æ–ü–æ–Ω–∞—Å—Ç–∞–ª—å–≥–∏—Ä—É–µ–º —Å –∫–æ—Ä–µ—à–æ–º)–ù–∞ –∫–∞–∂–¥—ã–π –Ω–æ–≤—ã–π –≥–æ–¥!) –í—Å–µ—Ö —Å –Ω–∞—Å—Ç—É–ø–∞—é—â–∏–º –ù–ì ! –ù–ì–ê–ê ! ))))–°–∫–æ—Ä–æ –∫–ª–∏–ø–ù—É–∂–Ω—ã –¥–≤–µ –¥–µ–≤—É—à–∫–∏ –¥–ª—è —É—á–∞—Å—Ç–∏—è –≤ –∫–ª–∏–ø–µ –Ω–∞ —Ç—Ä–µ–∫ "–õ—é–±–æ–≤—å –∏ –Ω–∞—Ä–∫–æ—Ç–∏–∫–∏"  
–ö—Ä–∏—Ç–µ—Ä–∏–∏: –≤—ã—Å–æ–∫–∞—è, —Å—Ç—Ä–æ–π–Ω–∞—è, –æ—Ç 20 –¥–æ 30 –ª–µ—Ç, –∞–∫—Ç–µ—Ä—Å–∫–∏–µ —Å–ø–æ—Å–æ–±–Ω–æ—Å—Ç–∏ –Ω–µ –≤–∞–∂–Ω—ã, –∂–µ–ª–∞—é—â–∏–º –ø–∏—Å–∞—Ç—å –≤ –ª–∏—á–∫—É )–í—Å–µ–º –ª—é–±–∏—Ç–µ–ª—è–º —Ä–∞—Å—Ç–∞—Ñ–∞—Ä–∏–∏. –ù–æ–≤—ã–π —ç–∫—Å–ø–µ—Ä–∏–º–µ–Ω—Ç–∏–∫. –õ–µ—Ç–Ω–∏–π —Ä–µ–ª–∞–∫—Å —Ç–∞–∫–æ–π, –ª–µ–≥–∫–∏–π –∫–∞–∫ –ø—ã–ª—å, –Ω–æ –∂–≥—É—á–∏–π –∫–∞–∫ —Ç—Ä–∞–≤–∞) –ø—Ä–æ–¥–ª–∏–º –ª–µ—Ç–æ –Ω–µ–º–Ω–æ–≥–æ) —Ä–∞—Å—Å–ª–∞–±–∏–º—Å—è –∏ –ø–æ–º–µ–¥–∏—Ç–∏—Ä—É–µ–º) –≤—Å–µ–º –≤–µ—Å–µ–ª–æ–≥–æ –Ω–∞—Å—Ç—Ä–æ–µ–Ω–∏—è!–°–æ–≤–º–µ—Å—Ç–Ω–æ —Å –∑–µ–º–ª—è–∫–∞–º–∏...–ò–∑ –Ω–æ–≤–æ–≥–æ –∞–ª—å–±–æ–º–∞ "–ü–æ—Å–ª–µ–¥—Å—Ç–≤–∏—è –ú", –º–Ω–æ–≥–∏—Ö —É–ª—ã–±–Ω—É–ª–æ, –æ—á–µ–Ω—å —Ä–æ–º–∞–Ω—Ç–∏—á–Ω–æ=)–¶–µ–Ω–∏–º –Ω–æ–≤—ã–π –∞–ª—å–±–æ–º –æ—Ç Zatmenie [Fenix] - "–ü–æ—Å–ª–µ–¥—Å—Ç–≤–∏—è –ú", –ø—Ä–∏ —É—á–∞—Å—Ç–∏–∏: Ecstaz, Stereo Tip, –°–æ—Ü–∏—É–º —â–∏—Ç, –ö—Ä—é–∫, Dragnir, Mirage, –ö—Ä–µ—Å—Ç, Taras
–ú—É–∑—ã–∫–∞: Fenix (Skolopendra beats), KIX (Domestic sound), –¢–µ–º–Ω—ã–π (Salvia divinorum)
–°–≤–µ–¥–µ–Ω–∏–µ: Fenix
–ú–∞—Å—Ç–µ—Ä–∏–Ω–≥: Dragnir
–í—Å–µ–º –æ–≥—Ä–æ–º–Ω–æ–µ —Å–ø–∞—Å–∏–±–æ –∏ –ø—Ä–∏—è—Ç–Ω–æ–≥–æ –ø—Ä–æ—Å–ª—É—à–∏–≤–∞–Ω–∏—è! –°—Å—ã–ª–∫–∞ –Ω–∞ —Å–∫–∞—á–∏–≤–∞–Ω–∏–µ –∞–ª—å–±–æ–º–∞ –ø–æ–¥ –≤–∏–¥–µ–æ–∫–ª–∏–ø–æ–º—Ç—Ä–µ–∫–∏ —Å 1 –ø–æ 9—Ç—Ä–µ–∫–∏ —Å 10 –ø–æ 18–¶–µ–Ω–∏ –Ω–æ–≤—ã–π –∞–ª—å–±–æ–º Zatmenie [Fenix] - "–ü–æ—Å–ª–µ–¥—Å—Ç–≤–∏—è –ú". –í—Å–µ–º –±–æ–ª—å—à–æ–µ —Å–ø–∞—Å–∏–±–æ –∏ –ø—Ä–∏—è—Ç–Ω–æ–≥–æ –ø—Ä–æ—Å–ª—É—à–∏–≤–∞–Ω–∏—è!–ù–∞—Å –ø–æ—á—Ç–∏ –∫–æ—Å–∞—Ä—å)–¶–µ–Ω–∏–º –æ—Ç—Ä—ã–≤–∫–∏ –∏–∑ –Ω–æ–≤–æ–≥–æ –∞–ª—å–±–æ–º–∞, –¥–∞—Ç–∞ –≤—ã—Ö–æ–¥–∞ - –∏—é–ª—å 2013.–£—á–∞–≤—Å—Ç–≤—É–µ–º –Ω–∞ –∞–Ω–¥–µ—Ä–≥—Ä–∞—É–Ω–¥ –≤–µ—á–µ—Ä–∏–Ω–∫–µ 20 –∞–ø—Ä–µ–ª—è –≤ "–ñ–µ–ª—Ç–æ–π –∫–æ—Ñ—Ç–µ" http://vk.com/k_memories–î–≤–∞ —Ç—Ä–µ–∫–∞, –∫–∞–∫ –¥–≤–∞ —Å–∏–º–ø—Ç–æ–º–∞ –æ–¥–Ω–æ–π –∞–ª–ª–µ—Ä–≥–∏–∏. –ø–æ—ç—Ç–æ–º—É –æ–±—ä–µ–¥–∏–Ω–∏–ª. –í—Å–µ–º –ª—é–±–∏—Ç–µ–ª—è–º –∏—Å–∫–∞–∂–µ–Ω–Ω–æ–π —Ä–µ–∞–ª—å–Ω–æ—Å—Ç–∏. –í–æ–∑–º–æ–∂–Ω—ã –ø–æ–±–æ—á–Ω—ã–µ —ç—Ñ—Ñ–µ–∫—Ç—ã. –†–µ–∫–æ–º–µ–Ω–¥—É—é –≤ –Ω–∞—É—à–Ω–∏–∫–∞—Ö. –ü—Ä–∏—è—Ç–Ω–æ–≥–æ –≤—ã–Ω–æ—Å–∞ –º–æ–∑–≥–∞)–ü—Ä–æ—à–ª–æ–≥–æ–¥–Ω–∏–π –≤–∏–¥–æ—Å, –µ–≥–æ –ø—Ä–æ—Å—Ç–æ –Ω–µ—Ç –Ω–∞ —Å—Ç–µ–Ω–µ –ø–æ—á–µ–º—É —Ç–æ)–°–ª—É—à–∞–µ–º –Ω–æ–≤—ã–π —Ç—Ä–µ–∫: Zatmenie - –ö–æ–ª–æ—Ç—É–Ω–ü–æ–≤–µ—Å—Ç—å –ø—Ä–æ—à–ª—ã—Ö –∑–∏–º...–ü—Ä–µ–¥–ª–∞–≥–∞–µ–º –≤–∞—à–µ–º—É –≤–Ω–∏–º–∞–Ω–∏—é —Ä–µ–º–∏–∫—Å –Ω–∞ –Ω–µ–¥–∞–≤–Ω–∏–π —Ç—Ä–µ–∫ "–í—Å–µ–º –º–µ—Å—Ç–Ω—ã–º". –¶–µ–Ω–∏–º–ù–∞—à–∏ –º–∏–Ω—É—Å–æ–≤–∫–∏–£—á–∞—Å—Ç–≤—É–µ–º –≤ Under battle - –ø—Ä–æ—à–ª–∏ –≤–æ 2-–æ–π —Ç—É—Ä–ù–æ–≤—ã–π —Ç—Ä–µ–∫ —Å —Å–æ–≤–º–µ—Å—Ç–Ω–æ–≥–æ –∞–ª—å–±–æ–º–∞ —Å –≥—Ä—É–ø–ø–æ–π –ë—É—Ä–∏–º–µ, —Å–ª—É—à–∞—Ç—å –Ω–∞ –ø–æ–ª–Ω—É—é –≥—Ä–æ–º–∫–æ—Å—Ç—å!)–û–±—ä–µ–¥–∏–Ω–µ–Ω–∏–µ "–ü–∞–ø–∞–¥–æ—Å.com" –ø—Ä–µ–¥—Å—Ç–∞–≤–ª—è–µ—Ç —Ç—Ä–µ–∫ "–ü–∞—Ä–Ω–∏ —Å –æ–∫—Ä–∞–∏–Ω" —Å —Å–æ–≤–º–µ—Å—Ç–Ω–æ–≥–æ –∞–ª—å–±–æ–º–∞ –ë—É—Ä–∏–º–µ –∏ Zatmenie. –ü—Ä–∏—è—Ç–Ω–æ–≥–æ –ø—Ä–æ—Å–ª—É—à–∏–≤–∞–Ω–∏—è. 
 –ó–ê–ª–∏–ª–∏ –ù–æ–≤—ã–π –¢—Ä—ç–∫!!! 
Zatmenie feat –ê–º–∏–Ω–∞–¥–æ - –ü–æ—Å—ã–ª 

–ñ–¥—ë–º –ö–æ–º–µ–Ω—Ç–∞—Ä–∏–µ–≤!!!–°–õ—É—à–∞–µ–º –ù–æ–≤—ã–π –¢—Ä—ç–∫ –ù–ê –ë–ê–¢–õ!!!Zatmenie feat –ê–º–∏–Ω–∞–¥–æ - –ñ–î–ò–¢–ï ...Zatmenie - –ü—Ä–∏–≥–ª–∞—à–µ–Ω–∏–µ. 23 –∞–ø—Ä–µ–ª—è. –ö–∞—Ñ–µ "–í–∏–Ω–∏–ª". 2 –Ω–æ–≤—ã—Ö —Ç—Ä–µ–∫–∞Zatmenie - Happy new year!